{"cameraMode":{"drawMode":0,"name":"Shaded","section":"Shading Mode"},"sceneLighting":false,"audioPlay":false,"sceneViewState":{"showFog":false,"showMaterialUpdate":false,"showSkybox":false,"showFlares":false,"showImageEffects":false,"showParticleSystems":false},"in2DMode":false,"pivot":{"x":1.728747844696045,"y":2.7896878719329836,"z":3.4570083618164064},"rotation":{"x":-0.07224616408348084,"y":-0.003892505308613181,"z":0.0002819852961692959,"w":-0.9973792433738709},"size":10.567490577697754,"orthographic":false}