{"cameraMode":{"drawMode":0,"name":"Shaded","section":"Shading Mode"},"sceneLighting":false,"audioPlay":false,"sceneViewState":{"showFog":false,"showMaterialUpdate":false,"showSkybox":false,"showFlares":false,"showImageEffects":false,"showParticleSystems":false},"in2DMode":false,"pivot":{"x":2.620450019836426,"y":6.552622318267822,"z":0.3764991760253906},"rotation":{"x":-0.025802934542298318,"y":-0.015895456075668336,"z":0.0004186807491350919,"w":-0.9995405673980713},"size":24.855548858642579,"orthographic":false}